{
	"format_version": "1.21.6",
	"credit": "Made with Blockbench",
	"texture_size": [32, 32],
	"textures": {
		"1": "block/parakletoswand"
	},
	"elements": [
		{
			"from": [7.25, 10, 2.75],
			"to": [8.75, 11.5, 16.5],
			"rotation": {"angle": 45, "axis": "x", "origin": [7, 10, 2.75]},
			"faces": {
				"north": {"uv": [4, 6, 4.75, 6.75], "texture": "#1"},
				"east": {"uv": [0, 0, 7, 0.75], "texture": "#1"},
				"south": {"uv": [6, 4, 6.75, 4.75], "texture": "#1"},
				"west": {"uv": [0, 1, 7, 1.75], "texture": "#1"},
				"up": {"uv": [0.75, 9, 0, 2], "texture": "#1"},
				"down": {"uv": [1.75, 2, 1, 9], "texture": "#1"}
			}
		},
		{
			"from": [7.5, 2.25, 12.5],
			"to": [8.5, 4.25, 15.5],
			"rotation": {"angle": 45, "axis": "x", "origin": [7, 2.25, 12.5]},
			"faces": {
				"north": {"uv": [6, 6, 6.5, 7], "texture": "#1"},
				"east": {"uv": [2, 2, 3.5, 3], "texture": "#1"},
				"south": {"uv": [6.5, 6, 7, 7], "texture": "#1"},
				"west": {"uv": [2, 3, 3.5, 4], "texture": "#1"},
				"up": {"uv": [5.5, 5.5, 5, 4], "texture": "#1"},
				"down": {"uv": [6, 4, 5.5, 5.5], "texture": "#1"}
			}
		},
		{
			"from": [7.5, 0, 10],
			"to": [8.5, 2, 13],
			"rotation": {"angle": 45, "axis": "x", "origin": [7, 0, 10]},
			"faces": {
				"north": {"uv": [7, 0, 7.5, 1], "texture": "#1"},
				"east": {"uv": [3.5, 2, 5, 3], "texture": "#1"},
				"south": {"uv": [7, 1, 7.5, 2], "texture": "#1"},
				"west": {"uv": [3.5, 3, 5, 4], "texture": "#1"},
				"up": {"uv": [5.5, 7, 5, 5.5], "texture": "#1"},
				"down": {"uv": [6, 5.5, 5.5, 7], "texture": "#1"}
			}
		},
		{
			"from": [7, 11, 3],
			"to": [9, 12, 4.5],
			"rotation": {"angle": 45, "axis": "x", "origin": [7, 10.75, 3.25]},
			"faces": {
				"north": {"uv": [6, 5, 7, 5.5], "texture": "#1"},
				"east": {"uv": [4, 7, 4.75, 7.5], "texture": "#1"},
				"south": {"uv": [6, 5.5, 7, 6], "texture": "#1"},
				"west": {"uv": [7, 4, 7.75, 4.5], "texture": "#1"},
				"up": {"uv": [6, 3.75, 5, 3], "texture": "#1"},
				"down": {"uv": [5, 5, 4, 5.75], "texture": "#1"}
			}
		},
		{
			"from": [7, 10, 1.25],
			"to": [9, 11, 2.75],
			"rotation": {"angle": 45, "axis": "x", "origin": [7, 9, 1.5]},
			"faces": {
				"north": {"uv": [2, 7, 3, 7.5], "texture": "#1"},
				"east": {"uv": [7, 4.5, 7.75, 5], "texture": "#1"},
				"south": {"uv": [7, 2, 8, 2.5], "texture": "#1"},
				"west": {"uv": [5, 7, 5.75, 7.5], "texture": "#1"},
				"up": {"uv": [3, 6.75, 2, 6], "texture": "#1"},
				"down": {"uv": [7, 2, 6, 2.75], "texture": "#1"}
			}
		},
		{
			"from": [7, 11, 1.75],
			"to": [9, 12.75, 3.5],
			"rotation": {"angle": 45, "axis": "x", "origin": [7, 10.75, 1.5]},
			"faces": {
				"north": {"uv": [2, 4, 3, 5], "texture": "#1"},
				"east": {"uv": [3, 4, 4, 5], "texture": "#1"},
				"south": {"uv": [4, 4, 5, 5], "texture": "#1"},
				"west": {"uv": [2, 5, 3, 6], "texture": "#1"},
				"up": {"uv": [6, 3, 5, 2], "texture": "#1"},
				"down": {"uv": [4, 5, 3, 6], "texture": "#1"}
			}
		},
		{
			"from": [7, 11.25, 1],
			"to": [9, 12.5, 1.75],
			"rotation": {"angle": 45, "axis": "x", "origin": [7, 10.75, 1.5]},
			"faces": {
				"north": {"uv": [3, 6, 4, 6.75], "texture": "#1"},
				"east": {"uv": [7, 5, 7.5, 5.75], "texture": "#1"},
				"south": {"uv": [6, 3, 7, 3.75], "texture": "#1"},
				"west": {"uv": [6, 7, 6.5, 7.75], "texture": "#1"},
				"up": {"uv": [8, 3, 7, 2.5], "texture": "#1"},
				"down": {"uv": [4, 7, 3, 7.5], "texture": "#1"}
			}
		},
		{
			"from": [7, 11.5, 0.5],
			"to": [9, 12.25, 1],
			"rotation": {"angle": 45, "axis": "x", "origin": [7, 10.75, 1.5]},
			"faces": {
				"north": {"uv": [7, 3, 8, 3.5], "texture": "#1"},
				"east": {"uv": [7, 6.5, 7.25, 7], "texture": "#1"},
				"south": {"uv": [7, 3.5, 8, 4], "texture": "#1"},
				"west": {"uv": [7.5, 0, 7.75, 0.5], "texture": "#1"},
				"up": {"uv": [8, 6.25, 7, 6], "texture": "#1"},
				"down": {"uv": [7.5, 7, 6.5, 7.25], "texture": "#1"}
			}
		}
	],
	"display": {
		"thirdperson_righthand": {
			"rotation": [45, 0, 0],
			"translation": [-0.5, 0, 1]
		},
		"thirdperson_lefthand": {
			"rotation": [45, 0, 0],
			"translation": [-0.5, 0, 1]
		},
		"ground": {
			"rotation": [-99, -133, 75],
			"translation": [2, -1.5, 1]
		},
		"gui": {
			"rotation": [0, 90, 0],
			"translation": [0, 2, -0.75]
		},
		"head": {
			"rotation": [-45, 0, 0],
			"translation": [0, 8.25, -1.75]
		},
		"fixed": {
			"rotation": [0, 90, 0],
			"translation": [0, 2, -0.75]
		}
	},
	"groups": [
		{
			"name": "Wand",
			"origin": [7, 10, 0.75],
			"color": 0,
			"children": [
				{
					"name": "stick",
					"origin": [7, 10, 0.75],
					"color": 0,
					"children": [0]
				},
				{
					"name": "feathers",
					"origin": [7, 2.25, 12.5],
					"color": 0,
					"children": [1, 2]
				},
				{
					"name": "bow",
					"origin": [7, 10.75, 3.25],
					"color": 0,
					"children": [3, 4, 5, 6, 7]
				}
			]
		}
	]
}