{
	"format_version": "1.21.6",
	"credit": "Made with Blockbench",
	"texture_size": [32, 32],
	"textures": {
		"2": "block/agonwand",
		"particle": "block/agonwand"
	},
	"elements": [
		{
			"from": [7.25, 10, 2.75],
			"to": [8.75, 11.5, 16.5],
			"rotation": {"angle": 45, "axis": "x", "origin": [7, 10, 2.75]},
			"faces": {
				"north": {"uv": [5, 5, 5.75, 5.75], "texture": "#2"},
				"east": {"uv": [0, 0, 7, 0.75], "texture": "#2"},
				"south": {"uv": [5, 6, 5.75, 6.75], "texture": "#2"},
				"west": {"uv": [0, 1, 7, 1.75], "texture": "#2"},
				"up": {"uv": [0.75, 9, 0, 2], "texture": "#2"},
				"down": {"uv": [1.75, 2, 1, 9], "texture": "#2"}
			}
		},
		{
			"from": [7.5, 3, 5],
			"to": [8.5, 5, 10],
			"rotation": {"angle": 45, "axis": "x", "origin": [7.5, 3, 11]},
			"faces": {
				"north": {"uv": [6, 5, 6.5, 6], "texture": "#2"},
				"east": {"uv": [2, 4, 4.5, 5], "texture": "#2"},
				"south": {"uv": [6, 6, 6.5, 7], "texture": "#2"},
				"west": {"uv": [4.5, 4, 7, 5], "texture": "#2"},
				"up": {"uv": [3.5, 7.5, 3, 5], "texture": "#2"},
				"down": {"uv": [4, 5, 3.5, 7.5], "texture": "#2"}
			}
		},
		{
			"from": [7.5, 5, 2.75],
			"to": [8.5, 6.75, 12.75],
			"rotation": {"angle": 45, "axis": "x", "origin": [7.5, 5, 8.75]},
			"faces": {
				"north": {"uv": [4, 6.5, 4.5, 7.5], "texture": "#2"},
				"east": {"uv": [2, 2, 7, 3], "texture": "#2"},
				"south": {"uv": [4.5, 6.5, 5, 7.5], "texture": "#2"},
				"west": {"uv": [2, 3, 7, 4], "texture": "#2"},
				"up": {"uv": [2.5, 10, 2, 5], "texture": "#2"},
				"down": {"uv": [3, 5, 2.5, 10], "texture": "#2"}
			}
		},
		{
			"from": [7.75, 12, 7],
			"to": [8.25, 15, 8],
			"rotation": {"angle": 0, "axis": "y", "origin": [7, 12, 7]},
			"faces": {
				"north": {"uv": [6.5, 5, 6.75, 6.5], "texture": "#2"},
				"east": {"uv": [4, 5, 4.5, 6.5], "texture": "#2"},
				"south": {"uv": [6.5, 6.5, 6.75, 8], "texture": "#2"},
				"west": {"uv": [4.5, 5, 5, 6.5], "texture": "#2"},
				"up": {"uv": [7.25, 2.5, 7, 2], "texture": "#2"},
				"down": {"uv": [7.25, 2.5, 7, 3], "texture": "#2"}
			}
		},
		{
			"from": [7.75, 12, 8],
			"to": [8.25, 13, 9],
			"rotation": {"angle": 0, "axis": "y", "origin": [7, 12, 7]},
			"faces": {
				"north": {"uv": [7, 3, 7.25, 3.5], "texture": "#2"},
				"east": {"uv": [7, 0, 7.5, 0.5], "texture": "#2"},
				"south": {"uv": [7, 3.5, 7.25, 4], "texture": "#2"},
				"west": {"uv": [7, 0.5, 7.5, 1], "texture": "#2"},
				"up": {"uv": [7.25, 4.5, 7, 4], "texture": "#2"},
				"down": {"uv": [7.25, 4.5, 7, 5], "texture": "#2"}
			}
		},
		{
			"from": [7.75, 14, 8],
			"to": [8.25, 15, 9],
			"rotation": {"angle": 0, "axis": "y", "origin": [7, 14, 7]},
			"faces": {
				"north": {"uv": [5, 7, 5.25, 7.5], "texture": "#2"},
				"east": {"uv": [7, 1, 7.5, 1.5], "texture": "#2"},
				"south": {"uv": [7, 5, 7.25, 5.5], "texture": "#2"},
				"west": {"uv": [7, 1.5, 7.5, 2], "texture": "#2"},
				"up": {"uv": [5.75, 7.5, 5.5, 7], "texture": "#2"},
				"down": {"uv": [7.25, 5.5, 7, 6], "texture": "#2"}
			}
		}
	],
	"display": {
		"thirdperson_righthand": {
			"rotation": [45, 0, 0],
			"translation": [-0.5, 0, 1]
		},
		"thirdperson_lefthand": {
			"rotation": [45, 0, 0],
			"translation": [-0.5, 0, 1]
		},
		"ground": {
			"rotation": [-99, -133, 75],
			"translation": [2, -1.5, 1]
		},
		"gui": {
			"rotation": [0, 90, 0],
			"translation": [0, 2, -0.75]
		},
		"head": {
			"rotation": [-45, 0, 0],
			"translation": [0, 8.25, -1.75]
		},
		"fixed": {
			"rotation": [0, 90, 0],
			"translation": [0, 2, -0.75]
		}
	},
	"groups": [
		{
			"name": "Wand",
			"origin": [7, 10, 0.75],
			"color": 0,
			"children": [
				{
					"name": "stick",
					"origin": [7, 10, 0.75],
					"color": 0,
					"children": [0]
				},
				{
					"name": "snow",
					"origin": [7.5, 3, 11],
					"color": 0,
					"children": [1, 2]
				},
				{
					"name": "moon",
					"origin": [7, 12, 7],
					"color": 0,
					"children": [3, 4, 5]
				}
			]
		}
	]
}