{
	"format_version": "1.21.6",
	"credit": "Made with Blockbench",
	"texture_size": [32, 32],
	"textures": {
		"0": "./dranwand",
		"particle": "./dranwand"
	},
	"elements": [
		{
			"from": [7.25, 10, 2.75],
			"to": [8.75, 11.5, 16.5],
			"rotation": {"angle": 45, "axis": "x", "origin": [7, 10, 2.75]},
			"faces": {
				"north": {"uv": [2, 6, 2.75, 6.75], "texture": "#0"},
				"east": {"uv": [0, 0, 7, 0.75], "texture": "#0"},
				"south": {"uv": [6, 2, 6.75, 2.75], "texture": "#0"},
				"west": {"uv": [0, 1, 7, 1.75], "texture": "#0"},
				"up": {"uv": [0.75, 9, 0, 2], "texture": "#0"},
				"down": {"uv": [1.75, 2, 1, 9], "texture": "#0"}
			}
		},
		{
			"from": [7, 10.5, 3.5],
			"to": [9, 12, 5],
			"rotation": {"angle": 45, "axis": "x", "origin": [7, 10.5, 3.5]},
			"faces": {
				"north": {"uv": [2, 2, 3, 2.75], "texture": "#0"},
				"east": {"uv": [3, 6, 3.75, 6.75], "texture": "#0"},
				"south": {"uv": [2, 3, 3, 3.75], "texture": "#0"},
				"west": {"uv": [6, 3, 6.75, 3.75], "texture": "#0"},
				"up": {"uv": [4, 2.75, 3, 2], "texture": "#0"},
				"down": {"uv": [4, 3, 3, 3.75], "texture": "#0"}
			}
		},
		{
			"from": [4.5, 10.5, 3.5],
			"to": [5.5, 12, 5],
			"rotation": {"angle": 45, "axis": "x", "origin": [3.5, 10.5, 3.5]},
			"faces": {
				"north": {"uv": [7, 6, 7.5, 6.75], "texture": "#0"},
				"east": {"uv": [4, 6, 4.75, 6.75], "texture": "#0"},
				"south": {"uv": [7, 7, 7.5, 7.75], "texture": "#0"},
				"west": {"uv": [6, 4, 6.75, 4.75], "texture": "#0"},
				"up": {"uv": [3.5, 8.25, 3, 7.5], "texture": "#0"},
				"down": {"uv": [4, 7.5, 3.5, 8.25], "texture": "#0"}
			}
		},
		{
			"from": [10.5, 10.5, 3.5],
			"to": [11.5, 12, 5],
			"rotation": {"angle": 45, "axis": "x", "origin": [9.5, 10.5, 3.5]},
			"faces": {
				"north": {"uv": [4, 7.5, 4.5, 8.25], "texture": "#0"},
				"east": {"uv": [5, 6, 5.75, 6.75], "texture": "#0"},
				"south": {"uv": [4.5, 7.5, 5, 8.25], "texture": "#0"},
				"west": {"uv": [6, 5, 6.75, 5.75], "texture": "#0"},
				"up": {"uv": [5.5, 8.25, 5, 7.5], "texture": "#0"},
				"down": {"uv": [6, 7.5, 5.5, 8.25], "texture": "#0"}
			}
		},
		{
			"from": [5.25, 9.75, 4.25],
			"to": [7.25, 11.25, 5.75],
			"rotation": {"angle": 45, "axis": "x", "origin": [5.25, 9.25, 4.25]},
			"faces": {
				"north": {"uv": [2, 4, 3, 4.75], "texture": "#0"},
				"east": {"uv": [6, 6, 6.75, 6.75], "texture": "#0"},
				"south": {"uv": [4, 2, 5, 2.75], "texture": "#0"},
				"west": {"uv": [7, 0, 7.75, 0.75], "texture": "#0"},
				"up": {"uv": [4, 4.75, 3, 4], "texture": "#0"},
				"down": {"uv": [5, 3, 4, 3.75], "texture": "#0"}
			}
		},
		{
			"from": [8.75, 9.75, 4.25],
			"to": [10.75, 11.25, 5.75],
			"rotation": {"angle": 45, "axis": "x", "origin": [8.75, 9.25, 4.25]},
			"faces": {
				"north": {"uv": [4, 4, 5, 4.75], "texture": "#0"},
				"east": {"uv": [7, 1, 7.75, 1.75], "texture": "#0"},
				"south": {"uv": [2, 5, 3, 5.75], "texture": "#0"},
				"west": {"uv": [2, 7, 2.75, 7.75], "texture": "#0"},
				"up": {"uv": [6, 2.75, 5, 2], "texture": "#0"},
				"down": {"uv": [4, 5, 3, 5.75], "texture": "#0"}
			}
		},
		{
			"from": [8.75, 11.75, 2.75],
			"to": [10.75, 13.25, 3.75],
			"rotation": {"angle": 45, "axis": "x", "origin": [8.75, 11.25, 2.25]},
			"faces": {
				"north": {"uv": [5, 3, 6, 3.75], "texture": "#0"},
				"east": {"uv": [6, 7.5, 6.5, 8.25], "texture": "#0"},
				"south": {"uv": [4, 5, 5, 5.75], "texture": "#0"},
				"west": {"uv": [7.5, 6, 8, 6.75], "texture": "#0"},
				"up": {"uv": [8, 2.5, 7, 2], "texture": "#0"},
				"down": {"uv": [8, 2.5, 7, 3], "texture": "#0"}
			}
		},
		{
			"from": [5.25, 11.75, 2.75],
			"to": [7.25, 13.25, 3.75],
			"rotation": {"angle": 45, "axis": "x", "origin": [5.25, 11.25, 2.25]},
			"faces": {
				"north": {"uv": [5, 4, 6, 4.75], "texture": "#0"},
				"east": {"uv": [6.5, 7.5, 7, 8.25], "texture": "#0"},
				"south": {"uv": [5, 5, 6, 5.75], "texture": "#0"},
				"west": {"uv": [7.5, 7, 8, 7.75], "texture": "#0"},
				"up": {"uv": [4, 7.5, 3, 7], "texture": "#0"},
				"down": {"uv": [8, 3, 7, 3.5], "texture": "#0"}
			}
		},
		{
			"from": [6.25, 7, 6],
			"to": [7.25, 8, 7],
			"rotation": {"angle": 0, "axis": "x", "origin": [6.25, 7, 6]},
			"faces": {
				"north": {"uv": [8, 7, 8.5, 7.5], "texture": "#0"},
				"east": {"uv": [8, 7.5, 8.5, 8], "texture": "#0"},
				"south": {"uv": [8, 8, 8.5, 8.5], "texture": "#0"},
				"west": {"uv": [2, 8.5, 2.5, 9], "texture": "#0"},
				"up": {"uv": [3, 9, 2.5, 8.5], "texture": "#0"},
				"down": {"uv": [3.5, 8.5, 3, 9], "texture": "#0"}
			}
		},
		{
			"from": [8.25, 2.75, 11.75],
			"to": [10.25, 3.75, 12.75],
			"rotation": {"angle": 0, "axis": "x", "origin": [8.25, 2.75, 11.75]},
			"faces": {
				"north": {"uv": [7, 3.5, 8, 4], "texture": "#0"},
				"east": {"uv": [3.5, 8.5, 4, 9], "texture": "#0"},
				"south": {"uv": [4, 7, 5, 7.5], "texture": "#0"},
				"west": {"uv": [4, 8.5, 4.5, 9], "texture": "#0"},
				"up": {"uv": [8, 4.5, 7, 4], "texture": "#0"},
				"down": {"uv": [8, 4.5, 7, 5], "texture": "#0"}
			}
		},
		{
			"from": [8.5, 2.5, 12.5],
			"to": [10, 3.5, 13.5],
			"rotation": {"angle": 0, "axis": "x", "origin": [8.5, 2.5, 12.5]},
			"faces": {
				"north": {"uv": [8, 0, 8.75, 0.5], "texture": "#0"},
				"east": {"uv": [4.5, 8.5, 5, 9], "texture": "#0"},
				"south": {"uv": [8, 0.5, 8.75, 1], "texture": "#0"},
				"west": {"uv": [5, 8.5, 5.5, 9], "texture": "#0"},
				"up": {"uv": [8.75, 1.5, 8, 1], "texture": "#0"},
				"down": {"uv": [8.75, 1.5, 8, 2], "texture": "#0"}
			}
		},
		{
			"from": [8.5, 3, 10.75],
			"to": [10, 4, 11.75],
			"rotation": {"angle": 0, "axis": "x", "origin": [8.5, 3, 10.75]},
			"faces": {
				"north": {"uv": [2, 8, 2.75, 8.5], "texture": "#0"},
				"east": {"uv": [5.5, 8.5, 6, 9], "texture": "#0"},
				"south": {"uv": [8, 2, 8.75, 2.5], "texture": "#0"},
				"west": {"uv": [6, 8.5, 6.5, 9], "texture": "#0"},
				"up": {"uv": [8.75, 3, 8, 2.5], "texture": "#0"},
				"down": {"uv": [8.75, 3, 8, 3.5], "texture": "#0"}
			}
		},
		{
			"from": [8.75, 2.25, 13.25],
			"to": [9.75, 3.25, 14.25],
			"rotation": {"angle": 0, "axis": "x", "origin": [8.75, 2.25, 13.25]},
			"faces": {
				"north": {"uv": [6.5, 8.5, 7, 9], "texture": "#0"},
				"east": {"uv": [7, 8.5, 7.5, 9], "texture": "#0"},
				"south": {"uv": [8.5, 7, 9, 7.5], "texture": "#0"},
				"west": {"uv": [7.5, 8.5, 8, 9], "texture": "#0"},
				"up": {"uv": [9, 8, 8.5, 7.5], "texture": "#0"},
				"down": {"uv": [8.5, 8.5, 8, 9], "texture": "#0"}
			}
		},
		{
			"from": [8.75, 3.25, 10],
			"to": [9.75, 4.25, 11],
			"rotation": {"angle": 0, "axis": "x", "origin": [8.75, 3.25, 10]},
			"faces": {
				"north": {"uv": [8.5, 8, 9, 8.5], "texture": "#0"},
				"east": {"uv": [8.5, 8.5, 9, 9], "texture": "#0"},
				"south": {"uv": [0, 9, 0.5, 9.5], "texture": "#0"},
				"west": {"uv": [9, 0, 9.5, 0.5], "texture": "#0"},
				"up": {"uv": [1, 9.5, 0.5, 9], "texture": "#0"},
				"down": {"uv": [9.5, 0.5, 9, 1], "texture": "#0"}
			}
		},
		{
			"from": [6.25, 6, 9.25],
			"to": [7.25, 7, 10.25],
			"rotation": {"angle": 0, "axis": "x", "origin": [6.25, 6, 9.25]},
			"faces": {
				"north": {"uv": [1, 9, 1.5, 9.5], "texture": "#0"},
				"east": {"uv": [9, 1, 9.5, 1.5], "texture": "#0"},
				"south": {"uv": [1.5, 9, 2, 9.5], "texture": "#0"},
				"west": {"uv": [9, 1.5, 9.5, 2], "texture": "#0"},
				"up": {"uv": [2.5, 9.5, 2, 9], "texture": "#0"},
				"down": {"uv": [9.5, 2, 9, 2.5], "texture": "#0"}
			}
		},
		{
			"from": [6, 6.75, 6.75],
			"to": [7.5, 7.75, 7.75],
			"rotation": {"angle": 0, "axis": "x", "origin": [6, 6.75, 6.75]},
			"faces": {
				"north": {"uv": [8, 3.5, 8.75, 4], "texture": "#0"},
				"east": {"uv": [2.5, 9, 3, 9.5], "texture": "#0"},
				"south": {"uv": [8, 4, 8.75, 4.5], "texture": "#0"},
				"west": {"uv": [9, 2.5, 9.5, 3], "texture": "#0"},
				"up": {"uv": [8.75, 5, 8, 4.5], "texture": "#0"},
				"down": {"uv": [8.75, 5, 8, 5.5], "texture": "#0"}
			}
		},
		{
			"from": [6, 6.25, 8.5],
			"to": [7.5, 7.25, 9.5],
			"rotation": {"angle": 0, "axis": "x", "origin": [6, 6.25, 8.5]},
			"faces": {
				"north": {"uv": [8, 5.5, 8.75, 6], "texture": "#0"},
				"east": {"uv": [3, 9, 3.5, 9.5], "texture": "#0"},
				"south": {"uv": [8, 6, 8.75, 6.5], "texture": "#0"},
				"west": {"uv": [9, 3, 9.5, 3.5], "texture": "#0"},
				"up": {"uv": [8.75, 7, 8, 6.5], "texture": "#0"},
				"down": {"uv": [7.75, 8, 7, 8.5], "texture": "#0"}
			}
		},
		{
			"from": [5.75, 6.5, 7.75],
			"to": [7.75, 7.5, 8.75],
			"rotation": {"angle": 0, "axis": "x", "origin": [5.75, 6.5, 7.75]},
			"faces": {
				"north": {"uv": [5, 7, 6, 7.5], "texture": "#0"},
				"east": {"uv": [3.5, 9, 4, 9.5], "texture": "#0"},
				"south": {"uv": [7, 5, 8, 5.5], "texture": "#0"},
				"west": {"uv": [9, 3.5, 9.5, 4], "texture": "#0"},
				"up": {"uv": [8, 6, 7, 5.5], "texture": "#0"},
				"down": {"uv": [7, 7, 6, 7.5], "texture": "#0"}
			}
		}
	],
	"display": {
		"thirdperson_righthand": {
			"rotation": [45, 0, 0],
			"translation": [-0.5, 0, 1]
		},
		"thirdperson_lefthand": {
			"rotation": [45, 0, 0],
			"translation": [-0.5, 0, 1]
		},
		"ground": {
			"rotation": [-99, -133, 75],
			"translation": [2, -1.5, 1]
		},
		"gui": {
			"rotation": [0, 90, 0],
			"translation": [0, 2, -0.75]
		},
		"head": {
			"rotation": [-45, 0, 0],
			"translation": [0, 8.25, -1.75]
		},
		"fixed": {
			"rotation": [0, 90, 0],
			"translation": [0, 2, -0.75]
		}
	},
	"groups": [
		{
			"name": "Wand",
			"origin": [7, 10, 0.75],
			"color": 0,
			"children": [
				{
					"name": "stick",
					"origin": [7, 10, 0.75],
					"color": 0,
					"children": [0]
				},
				{
					"name": "mask",
					"origin": [7, 12.25, 2.25],
					"color": 0,
					"children": [1, 2, 3, 4, 5, 6, 7]
				},
				{
					"name": "feathers",
					"origin": [6.25, 7, 6],
					"color": 0,
					"children": [8, 9, 10, 11, 12, 13, 14, 15, 16, 17]
				}
			]
		}
	]
}