{
	"format_version": "1.21.6",
	"credit": "Made with Blockbench",
	"texture_size": [32, 32],
	"textures": {
		"1": "block/damonwand"
	},
	"elements": [
		{
			"from": [7.25, 10, 2.75],
			"to": [8.75, 11.5, 16.5],
			"rotation": {"angle": 45, "axis": "x", "origin": [7, 10, 2.75]},
			"faces": {
				"north": {"uv": [5, 4, 5.75, 4.75], "texture": "#1"},
				"east": {"uv": [0, 0, 7, 0.75], "texture": "#1"},
				"south": {"uv": [5, 5, 5.75, 5.75], "texture": "#1"},
				"west": {"uv": [0, 1, 7, 1.75], "texture": "#1"},
				"up": {"uv": [0.75, 9, 0, 2], "texture": "#1"},
				"down": {"uv": [1.75, 2, 1, 9], "texture": "#1"}
			}
		},
		{
			"from": [7.75, 4.75, 8],
			"to": [8.5, 9.75, 10],
			"rotation": {"angle": 0, "axis": "y", "origin": [7, 4.75, 8]},
			"faces": {
				"north": {"uv": [3, 4.5, 3.5, 7], "texture": "#1"},
				"east": {"uv": [2, 2, 3, 4.5], "texture": "#1"},
				"south": {"uv": [3.5, 4.5, 4, 7], "texture": "#1"},
				"west": {"uv": [3, 2, 4, 4.5], "texture": "#1"},
				"up": {"uv": [6.5, 3, 6, 2], "texture": "#1"},
				"down": {"uv": [6.5, 3, 6, 4], "texture": "#1"}
			}
		},
		{
			"from": [7.75, 6.75, 6],
			"to": [8.5, 11.75, 8],
			"rotation": {"angle": 0, "axis": "y", "origin": [7, 6.75, 6]},
			"faces": {
				"north": {"uv": [4, 4.5, 4.5, 7], "texture": "#1"},
				"east": {"uv": [4, 2, 5, 4.5], "texture": "#1"},
				"south": {"uv": [4.5, 4.5, 5, 7], "texture": "#1"},
				"west": {"uv": [2, 4.5, 3, 7], "texture": "#1"},
				"up": {"uv": [6.5, 5, 6, 4], "texture": "#1"},
				"down": {"uv": [5.5, 6, 5, 7], "texture": "#1"}
			}
		},
		{
			"from": [7.75, 9.75, 8.5],
			"to": [8.5, 10.75, 9.75],
			"rotation": {"angle": 0, "axis": "y", "origin": [7, 4.75, 8]},
			"faces": {
				"north": {"uv": [6.5, 6.5, 7, 7], "texture": "#1"},
				"east": {"uv": [6, 5, 6.75, 5.5], "texture": "#1"},
				"south": {"uv": [7, 0, 7.5, 0.5], "texture": "#1"},
				"west": {"uv": [5.5, 6, 6.25, 6.5], "texture": "#1"},
				"up": {"uv": [7, 2.75, 6.5, 2], "texture": "#1"},
				"down": {"uv": [7, 3, 6.5, 3.75], "texture": "#1"}
			}
		},
		{
			"from": [7.75, 13.5, 6.75],
			"to": [8.5, 14, 7],
			"rotation": {"angle": 0, "axis": "y", "origin": [7, 8.5, 5.75]},
			"faces": {
				"north": {"uv": [7.5, 2, 8, 2.25], "texture": "#1"},
				"east": {"uv": [8, 0, 8.25, 0.25], "texture": "#1"},
				"south": {"uv": [2.5, 7.5, 3, 7.75], "texture": "#1"},
				"west": {"uv": [8, 0.5, 8.25, 0.75], "texture": "#1"},
				"up": {"uv": [8, 2.75, 7.5, 2.5], "texture": "#1"},
				"down": {"uv": [3.5, 7.5, 3, 7.75], "texture": "#1"}
			}
		},
		{
			"from": [7.75, 12.75, 6.5],
			"to": [8.5, 13.5, 7.25],
			"rotation": {"angle": 0, "axis": "y", "origin": [7, 7.75, 5.75]},
			"faces": {
				"north": {"uv": [7, 0.5, 7.5, 1], "texture": "#1"},
				"east": {"uv": [7, 1, 7.5, 1.5], "texture": "#1"},
				"south": {"uv": [7, 1.5, 7.5, 2], "texture": "#1"},
				"west": {"uv": [2, 7, 2.5, 7.5], "texture": "#1"},
				"up": {"uv": [7.5, 2.5, 7, 2], "texture": "#1"},
				"down": {"uv": [3, 7, 2.5, 7.5], "texture": "#1"}
			}
		},
		{
			"from": [7.75, 11.75, 6.25],
			"to": [8.5, 12.75, 7.5],
			"rotation": {"angle": 0, "axis": "y", "origin": [7, 6.75, 5.75]},
			"faces": {
				"north": {"uv": [7, 2.5, 7.5, 3], "texture": "#1"},
				"east": {"uv": [6, 5.5, 6.75, 6], "texture": "#1"},
				"south": {"uv": [3, 7, 3.5, 7.5], "texture": "#1"},
				"west": {"uv": [6.5, 4, 7.25, 4.5], "texture": "#1"},
				"up": {"uv": [6, 7.25, 5.5, 6.5], "texture": "#1"},
				"down": {"uv": [6.5, 6.5, 6, 7.25], "texture": "#1"}
			}
		},
		{
			"from": [7.75, 10.75, 8.75],
			"to": [8.5, 11.5, 9.5],
			"rotation": {"angle": 0, "axis": "y", "origin": [7, 5.75, 8]},
			"faces": {
				"north": {"uv": [7, 3, 7.5, 3.5], "texture": "#1"},
				"east": {"uv": [3.5, 7, 4, 7.5], "texture": "#1"},
				"south": {"uv": [7, 3.5, 7.5, 4], "texture": "#1"},
				"west": {"uv": [4, 7, 4.5, 7.5], "texture": "#1"},
				"up": {"uv": [5, 7.5, 4.5, 7], "texture": "#1"},
				"down": {"uv": [7.5, 4.5, 7, 5], "texture": "#1"}
			}
		},
		{
			"from": [7.75, 11.5, 9],
			"to": [8.5, 12, 9.25],
			"rotation": {"angle": 0, "axis": "y", "origin": [7, 6.5, 8]},
			"faces": {
				"north": {"uv": [7.5, 3, 8, 3.25], "texture": "#1"},
				"east": {"uv": [8, 1, 8.25, 1.25], "texture": "#1"},
				"south": {"uv": [3.5, 7.5, 4, 7.75], "texture": "#1"},
				"west": {"uv": [8, 1.5, 8.25, 1.75], "texture": "#1"},
				"up": {"uv": [8, 3.75, 7.5, 3.5], "texture": "#1"},
				"down": {"uv": [4.5, 7.5, 4, 7.75], "texture": "#1"}
			}
		},
		{
			"from": [8, 13, 3.75],
			"to": [8.25, 14.75, 5.5],
			"rotation": {"angle": 0, "axis": "y", "origin": [7, 12.75, 3.75]},
			"faces": {
				"north": {"uv": [5, 7, 5.25, 8], "texture": "#1"},
				"east": {"uv": [5, 2, 6, 3], "texture": "#1"},
				"south": {"uv": [7, 5, 7.25, 6], "texture": "#1"},
				"west": {"uv": [5, 3, 6, 4], "texture": "#1"},
				"up": {"uv": [7.25, 7, 7, 6], "texture": "#1"},
				"down": {"uv": [6.75, 7, 6.5, 8], "texture": "#1"}
			}
		},
		{
			"from": [7.75, 12.75, 5],
			"to": [8.5, 13.25, 6],
			"rotation": {"angle": 0, "axis": "y", "origin": [7, 11.5, 4]},
			"faces": {
				"north": {"uv": [7.5, 4, 8, 4.25], "texture": "#1"},
				"east": {"uv": [4.5, 7.5, 5, 7.75], "texture": "#1"},
				"south": {"uv": [7.5, 4.5, 8, 4.75], "texture": "#1"},
				"west": {"uv": [7.5, 5, 8, 5.25], "texture": "#1"},
				"up": {"uv": [7.5, 7.5, 7, 7], "texture": "#1"},
				"down": {"uv": [8, 0, 7.5, 0.5], "texture": "#1"}
			}
		},
		{
			"from": [7.75, 9.25, 11.25],
			"to": [8.5, 9.75, 11.75],
			"rotation": {"angle": 0, "axis": "y", "origin": [7, 8, 10]},
			"faces": {
				"north": {"uv": [5.5, 7.5, 6, 7.75], "texture": "#1"},
				"east": {"uv": [2, 8, 2.25, 8.25], "texture": "#1"},
				"south": {"uv": [7.5, 5.5, 8, 5.75], "texture": "#1"},
				"west": {"uv": [8, 2, 8.25, 2.25], "texture": "#1"},
				"up": {"uv": [6.5, 7.75, 6, 7.5], "texture": "#1"},
				"down": {"uv": [8, 6, 7.5, 6.25], "texture": "#1"}
			}
		},
		{
			"from": [7.75, 8.75, 11],
			"to": [8.5, 9.25, 12],
			"rotation": {"angle": 0, "axis": "y", "origin": [7, 7.5, 10]},
			"faces": {
				"north": {"uv": [7.5, 0.5, 8, 0.75], "texture": "#1"},
				"east": {"uv": [7.5, 1, 8, 1.25], "texture": "#1"},
				"south": {"uv": [7.5, 1.5, 8, 1.75], "texture": "#1"},
				"west": {"uv": [2, 7.5, 2.5, 7.75], "texture": "#1"},
				"up": {"uv": [7, 5, 6.5, 4.5], "texture": "#1"},
				"down": {"uv": [7, 6, 6.5, 6.5], "texture": "#1"}
			}
		},
		{
			"from": [7.75, 13.25, 5.25],
			"to": [8.5, 13.75, 5.75],
			"rotation": {"angle": 0, "axis": "y", "origin": [7, 12, 4]},
			"faces": {
				"north": {"uv": [7.5, 6.5, 8, 6.75], "texture": "#1"},
				"east": {"uv": [2.5, 8, 2.75, 8.25], "texture": "#1"},
				"south": {"uv": [7, 7.5, 7.5, 7.75], "texture": "#1"},
				"west": {"uv": [8, 2.5, 8.25, 2.75], "texture": "#1"},
				"up": {"uv": [8, 7.25, 7.5, 7], "texture": "#1"},
				"down": {"uv": [8, 7.5, 7.5, 7.75], "texture": "#1"}
			}
		}
	],
	"display": {
		"thirdperson_righthand": {
			"rotation": [45, 0, 0],
			"translation": [-0.5, 0, 1]
		},
		"thirdperson_lefthand": {
			"rotation": [45, 0, 0],
			"translation": [-0.5, 0, 1]
		},
		"ground": {
			"rotation": [-99, -133, 75],
			"translation": [2, -1.5, 1]
		},
		"gui": {
			"rotation": [0, 90, 0],
			"translation": [0, 2, -0.75]
		},
		"head": {
			"rotation": [-45, 0, 0],
			"translation": [0, 8.25, -1.75]
		},
		"fixed": {
			"rotation": [0, 90, 0],
			"translation": [0, 2, -0.75]
		}
	},
	"groups": [
		{
			"name": "Wand",
			"origin": [7, 10, 0.75],
			"color": 0,
			"children": [
				{
					"name": "stick",
					"origin": [7, 10, 0.75],
					"color": 0,
					"children": [0]
				},
				{
					"name": "mountains",
					"origin": [7, 4.75, 8],
					"color": 0,
					"children": [1, 2, 3, 4, 5, 6, 7, 8]
				},
				{
					"name": "sun",
					"origin": [7, 13, 4],
					"color": 0,
					"children": [9, 10, 11, 12, 13]
				}
			]
		}
	]
}